DATETIME,EVENTS,ACTUAL,CONSENSUS,FORECAST,TIER
2025-01-02 07:00:00-05:00,MBA 30-Year Mortgage RateDEC/27,6.97%,,,2.0
2025-01-02 07:00:00-05:00,MBA Mortgage ApplicationsDEC/27,-12.6%,,,3.0
2025-01-02 07:00:00-05:00,MBA Mortgage Market IndexDEC/27,174.9,,,3.0
2025-01-02 07:00:00-05:00,MBA Mortgage Refinance IndexDEC/27,395.1,,,3.0
2025-01-02 07:00:00-05:00,MBA Purchase IndexDEC/27,136.7,,,3.0
2025-01-02 08:30:00-05:00,Initial Jobless ClaimsDEC/28,211K,222K,222.0K,2.0
2025-01-02 08:30:00-05:00,Continuing Jobless ClaimsDEC/21,1844K,1890K,1895.0K,3.0
2025-01-02 08:30:00-05:00,Jobless Claims 4-week AverageDEC/28,223.25K,,,3.0
2025-01-02 09:45:00-05:00,S&P Global Manufacturing PMI FinalDEC,49.4,48.3,48.3,2.0
2025-01-02 10:00:00-05:00,Construction Spending MoMNOV,0%,0.3%,0.4%,3.0
2025-01-02 11:00:00-05:00,EIA Gasoline Stocks ChangeDEC/27,7.717M,0.7M,,2.0
2025-01-02 11:00:00-05:00,EIA Heating Oil Stocks ChangeDEC/27,-0.416M,,,3.0
2025-01-02 11:00:00-05:00,EIA Refinery Crude Runs ChangeDEC/27,0.041M,,,3.0
2025-01-02 11:00:00-05:00,EIA Crude Oil Imports ChangeDEC/27,0.323M,,,3.0
2025-01-02 11:00:00-05:00,EIA Distillate Fuel Production ChangeDEC/27,0.099M,,,3.0
2025-01-02 11:00:00-05:00,EIA Crude Oil Stocks ChangeDEC/27,-1.178M,-2.75M,,2.0
2025-01-02 11:00:00-05:00,EIA Cushing Crude Oil Stocks ChangeDEC/27,-0.142M,,,3.0
2025-01-02 11:00:00-05:00,EIA Distillate Stocks ChangeDEC/27,6.406M,-0.1M,,3.0
2025-01-02 11:00:00-05:00,EIA Gasoline Production ChangeDEC/27,-0.959M,,,3.0
2025-01-02 11:30:00-05:00,4-Week Bill Auction,4.265%,,,3.0
2025-01-02 11:30:00-05:00,8-Week Bill Auction,4.240%,,,3.0
2025-01-02 12:00:00-05:00,30-Year Mortgage RateJAN/02,6.91%,,,3.0
2025-01-02 12:00:00-05:00,15-Year Mortgage RateJAN/02,6.13%,,,3.0
2025-01-02 13:00:00-05:00,17-Week Bill Auction,4.195%,,,3.0
2025-01-02 17:45:00-05:00,Fed Balance SheetJAN/01,$6.85T,,,3.0
2025-01-03 10:00:00-05:00,ISM Manufacturing PricesDEC,52.5,51.7,50.4,3.0
2025-01-03 10:00:00-05:00,ISM Manufacturing New OrdersDEC,52.5,,50.5,3.0
2025-01-03 10:00:00-05:00,ISM Manufacturing EmploymentDEC,45.3,48,48.3,2.0
2025-01-03 10:00:00-05:00,ISM Manufacturing PMIDEC,49.3,48.4,48.5,1.0
2025-01-03 10:30:00-05:00,EIA Natural Gas Stocks ChangeDEC/27,-116Bcf,-127Bcf,,3.0
2025-01-03 11:00:00-05:00,Fed Barkin Speech,,,,2.0
2025-01-03 13:00:00-05:00,Baker Hughes Total Rigs CountJAN/03,588,,,3.0
2025-01-03 13:00:00-05:00,Baker Hughes Oil Rig CountJAN/03,482,,,3.0
2025-01-04 17:30:00-05:00,Fed Daly Speech,,,,2.0
2025-01-04 17:30:00-05:00,Fed Kugler Speech,,,,2.0
2025-01-05 13:15:00-05:00,Fed Daly Speech,,,,2.0
2025-01-06 09:15:00-05:00,Fed Cook Speech,,,,2.0
2025-01-06 09:45:00-05:00,S&P Global Composite PMI FinalDEC,55.4,56.6,53,2.0
2025-01-06 09:45:00-05:00,S&P Global Services PMI FinalDEC,56.8,58.5,58.5,2.0
2025-01-06 10:00:00-05:00,Factory Orders ex TransportationNOV,0.2%,,0.2%,3.0
2025-01-06 10:00:00-05:00,Factory Orders MoMNOV,-0.4%,-0.3%,0.3%,2.0
2025-01-06 10:30:00-05:00,NY Fed Treasury Purchases 6 to 10 yrs,,$25 million,,3.0
2025-01-06 11:30:00-05:00,6-Month Bill Auction,4.110%,,,3.0
2025-01-06 11:30:00-05:00,3-Month Bill Auction,4.205%,,,3.0
2025-01-06 13:00:00-05:00,3-Year Note Auction,4.332%,,,3.0
2025-01-07 06:00:00-05:00,LMI Logistics Managers IndexDEC,57.3,,,3.0
2025-01-07 08:00:00-05:00,Fed Barkin Speech,,,,2.0
2025-01-07 08:30:00-05:00,ExportsNOV,$273.4B,,$264B,2.0
2025-01-07 08:30:00-05:00,ImportsNOV,$351.6B,,$334B,2.0
2025-01-07 08:30:00-05:00,Balance of TradeNOV,$-78.2B,$-78B,$-70B,2.0
2025-01-07 08:55:00-05:00,Redbook YoYJAN/04,6.8%,,,3.0
2025-01-07 10:00:00-05:00,ISM Services EmploymentDEC,51.4,51.4,52,3.0
2025-01-07 10:00:00-05:00,ISM Services PricesDEC,64.4,57.5,58.4,3.0
2025-01-07 10:00:00-05:00,JOLTs Job QuitsNOV,3.065M,,3.31M,3.0
2025-01-07 10:00:00-05:00,JOLTs Job OpeningsNOV,8.098M,7.70M,7.69M,1.0
2025-01-07 10:00:00-05:00,ISM Services Business ActivityDEC,58.2,,54.1,3.0
2025-01-07 10:00:00-05:00,ISM Services New OrdersDEC,54.2,54.2,54.1,3.0
2025-01-07 10:00:00-05:00,ISM Services PMIDEC,54.1,53.3,54,1.0
2025-01-07 11:30:00-05:00,42-Day Bill Auction,4.245%,,,3.0
2025-01-07 13:00:00-05:00,10-Year Note Auction,4.68%,,,3.0
2025-01-07 16:30:00-05:00,API Crude Oil Stock ChangeJAN/03,-4.022M,-0.25M,,2.0
2025-01-08 07:00:00-05:00,MBA Mortgage Market IndexJAN/03,168.4,,,3.0
2025-01-08 07:00:00-05:00,MBA 30-Year Mortgage RateJAN/03,6.99%,,,2.0
2025-01-08 07:00:00-05:00,MBA Mortgage ApplicationsJAN/03,-3.7%,,,3.0
2025-01-08 07:00:00-05:00,MBA Mortgage Refinance IndexJAN/03,401.1,,,3.0
2025-01-08 07:00:00-05:00,MBA Purchase IndexJAN/03,127.7,,,3.0
2025-01-08 08:15:00-05:00,ADP Employment ChangeDEC,122K,140K,140K,2.0
2025-01-08 08:30:00-05:00,Continuing Jobless ClaimsDEC/28,1867K,1870K,1848K,3.0
2025-01-08 08:30:00-05:00,Jobless Claims 4-week AverageJAN/04,213K,,224K,3.0
2025-01-08 08:30:00-05:00,Fed Waller Speech,,,,2.0
2025-01-08 08:30:00-05:00,Total Vehicle SalesDEC,16.8M,16.5M,16.3M,3.0
2025-01-08 08:30:00-05:00,Initial Jobless ClaimsJAN/04,201K,218K,213K,2.0
2025-01-08 09:00:00-05:00,Used Car Prices YoYDEC,0.4%,,,3.0
2025-01-08 09:00:00-05:00,Used Car Prices MoMDEC,-0.3%,,,3.0
2025-01-08 10:00:00-05:00,Wholesale Inventories MoMNOV,-0.2%,-0.2%,-0.2%,3.0
2025-01-08 10:30:00-05:00,EIA Heating Oil Stocks ChangeJAN/03,-0.632M,,,3.0
2025-01-08 10:30:00-05:00,EIA Refinery Crude Runs ChangeJAN/03,0.045M,,,3.0
2025-01-08 10:30:00-05:00,EIA Gasoline Production ChangeJAN/03,-0.081M,,,3.0
2025-01-08 10:30:00-05:00,EIA Crude Oil Imports ChangeJAN/03,0.278M,,,3.0
2025-01-08 10:30:00-05:00,EIA Distillate Stocks ChangeJAN/03,6.071M,1M,,3.0
2025-01-08 10:30:00-05:00,EIA Gasoline Stocks ChangeJAN/03,6.33M,1.5M,,2.0
2025-01-08 10:30:00-05:00,EIA Distillate Fuel Production ChangeJAN/03,-0.167M,,,3.0
2025-01-08 10:30:00-05:00,EIA Crude Oil Stocks ChangeJAN/03,-0.959M,-0.6M,,2.0
2025-01-08 10:30:00-05:00,EIA Cushing Crude Oil Stocks ChangeJAN/03,-2.502M,,,3.0
2025-01-08 11:30:00-05:00,17-Week Bill Auction,4.190%,,,3.0
2025-01-08 12:00:00-05:00,EIA Natural Gas Stocks ChangeJAN/03,-40Bcf,-51Bcf,,3.0
2025-01-08 13:00:00-05:00,30-Year Bond Auction,4.913%,,,3.0
2025-01-08 14:00:00-05:00,FOMC Minutes,,,,1.0
2025-01-08 15:00:00-05:00,Consumer Credit ChangeNOV,$-7.49B,$10.5B,$14.0B,3.0
2025-01-09 07:30:00-05:00,Challenger Job CutsDEC,38.792K,,65K,3.0
2025-01-09 09:00:00-05:00,Fed Harker Speech,,,,2.0
2025-01-09 09:05:00-05:00,Fed Collins Speech,,,,2.0
2025-01-09 10:30:00-05:00,NY Fed Treasury Purchases 1 to 2.5 yrs,,$25 million,,3.0
2025-01-09 11:30:00-05:00,4-Week Bill Auction,4.245%,,,3.0
2025-01-09 11:30:00-05:00,8-Week Bill Auction,4.240%,,,3.0
2025-01-09 12:00:00-05:00,15-Year Mortgage RateJAN/09,6.14%,,,3.0
2025-01-09 12:00:00-05:00,30-Year Mortgage RateJAN/09,6.93%,,,3.0
2025-01-09 12:45:00-05:00,Fed Barkin Speech,,,,2.0
2025-01-09 13:30:00-05:00,Fed Schmid Speech,,,,2.0
2025-01-09 13:35:00-05:00,Fed Bowman Speech,,,,2.0
2025-01-10 08:30:00-05:00,Government PayrollsDEC,33K,,15K,3.0
2025-01-10 08:30:00-05:00,Average Weekly HoursDEC,34.3,34.3,34.3,3.0
2025-01-10 08:30:00-05:00,Participation RateDEC,62.5%,,62.8%,2.0
2025-01-10 08:30:00-05:00,Non Farm PayrollsDEC,256K,160K,200K,1.0
2025-01-10 08:30:00-05:00,Unemployment RateDEC,4.1%,4.2%,4.30%,1.0
2025-01-10 08:30:00-05:00,Average Hourly Earnings MoMDEC,0.3%,0.3%,0.3%,2.0
2025-01-10 08:30:00-05:00,Average Hourly Earnings YoY,3.9%,4%,4%,2.0
2025-01-10 08:30:00-05:00,Manufacturing PayrollsDEC,-13K,5K,29K,3.0
2025-01-10 08:30:00-05:00,Nonfarm Payrolls PrivateDEC,223K,135K,185K,3.0
2025-01-10 08:30:00-05:00,U-6 Unemployment Rate,7.5%,,7.9%,3.0
2025-01-10 10:00:00-05:00,Michigan 5 Year Inflation Expectations PrelJAN,3.3%,,3.2%,3.0
2025-01-10 10:00:00-05:00,Michigan Consumer Expectations PrelJAN,70.2,,74,3.0
2025-01-10 10:00:00-05:00,Michigan Current Conditions PrelJAN,77.9,,78,3.0
2025-01-10 10:00:00-05:00,Michigan Inflation Expectations PrelJAN,3.3%,,3.0%,3.0
2025-01-10 10:00:00-05:00,Michigan Consumer Sentiment PrelJAN,73.2,73.8,75,1.0
2025-01-10 12:00:00-05:00,WASDE Report,,,,3.0
2025-01-10 12:00:00-05:00,Quarterly Grain Stocks - SoyDEC,3.1B,,,3.0
2025-01-10 12:00:00-05:00,Quarterly Grain Stocks - CornDEC,12.074B,,,3.0
2025-01-10 12:00:00-05:00,Quarterly Grain Stocks - WheatDEC,1.57B,,,3.0
2025-01-10 13:00:00-05:00,Baker Hughes Oil Rig CountJAN/10,480,,,3.0
2025-01-10 13:00:00-05:00,Baker Hughes Total Rigs CountJAN/10,584,,,3.0
2025-01-10 16:30:00-05:00,Fed Balance SheetJAN/08,$6.85T,,,3.0
2025-01-13 11:00:00-05:00,Consumer Inflation ExpectationsDEC,3%,,3.1%,3.0
2025-01-13 11:30:00-05:00,3-Month Bill Auction,4.225%,,,3.0
2025-01-13 11:30:00-05:00,6-Month Bill Auction,4.180%,,,3.0
2025-01-14 06:00:00-05:00,NFIB Business Optimism IndexDEC,105.1,100.8,102,3.0
2025-01-14 08:30:00-05:00,PPI YoYDEC,3.3%,3.4%,3.3%,3.0
2025-01-14 08:30:00-05:00,"PPI Ex Food, Energy and Trade MoMDEC",0.1%,0.3%,0.2%,3.0
2025-01-14 08:30:00-05:00,PPIDEC,146.842,,146.8,3.0
2025-01-14 08:30:00-05:00,Core PPI YoYDEC,3.5%,3.8%,3.5%,3.0
2025-01-14 08:30:00-05:00,PPI MoMDEC,0.2%,0.3%,0.3%,1.0
2025-01-14 08:30:00-05:00,Core PPI MoMDEC,0%,0.3%,0.2%,2.0
2025-01-14 08:30:00-05:00,"PPI Ex Food, Energy and Trade YoYDEC",3.3%,,3.6%,3.0
2025-01-14 08:55:00-05:00,Redbook YoYJAN/11,4%,,,3.0
2025-01-14 10:00:00-05:00,Fed Schmid Speech,,,,2.0
2025-01-14 10:05:00-05:00,RCM/TIPP Economic Optimism IndexJAN,51.9,55.1,54.2,3.0
2025-01-14 11:30:00-05:00,42-Day Bill Auction,4.240%,,,3.0
2025-01-14 14:00:00-05:00,Monthly Budget StatementDEC,$-87B,$-75B,$-80B,2.0
2025-01-14 15:05:00-05:00,Fed Williams Speech,,,,2.0
2025-01-14 16:30:00-05:00,API Crude Oil Stock ChangeJAN/10,-2.6M,-3.5M,,2.0
2025-01-15 07:00:00-05:00,MBA Mortgage Market IndexJAN/10,224.4,,,3.0
2025-01-15 07:00:00-05:00,MBA Mortgage ApplicationsJAN/10,33.3%,,,3.0
2025-01-15 07:00:00-05:00,MBA Mortgage Refinance IndexJAN/10,575.6,,,3.0
2025-01-15 07:00:00-05:00,MBA Purchase IndexJAN/10,162,,,3.0
2025-01-15 07:00:00-05:00,MBA 30-Year Mortgage RateJAN/10,7.09%,,,2.0
2025-01-15 08:30:00-05:00,Core Inflation Rate MoMDEC,0.2%,0.2%,0.3%,1.0
2025-01-15 08:30:00-05:00,CPIDEC,315.61,315.61,315.6,2.0
2025-01-15 08:30:00-05:00,Inflation Rate YoYDEC,2.9%,2.9%,2.9%,1.0
2025-01-15 08:30:00-05:00,Core Inflation Rate YoYDEC,3.2%,3.3%,3.3%,1.0
2025-01-15 08:30:00-05:00,NY Empire State Manufacturing IndexJAN,-12.60,3,3.1,2.0
2025-01-15 08:30:00-05:00,Inflation Rate MoMDEC,0.4%,0.3%,0.4%,1.0
2025-01-15 08:30:00-05:00,CPI s.aDEC,317.685,,317.4,2.0
2025-01-15 09:20:00-05:00,Fed Barkin Speech,,,,2.0
2025-01-15 10:00:00-05:00,Fed Kashkari Speech,,,,2.0
2025-01-15 10:30:00-05:00,EIA Gasoline Production ChangeJAN/10,0.397M,,,3.0
2025-01-15 10:30:00-05:00,EIA Crude Oil Stocks ChangeJAN/10,-1.961M,-1.6M,,2.0
2025-01-15 10:30:00-05:00,EIA Distillate Stocks ChangeJAN/10,3.077M,1.1M,,3.0
2025-01-15 10:30:00-05:00,EIA Heating Oil Stocks ChangeJAN/10,0.646M,,,3.0
2025-01-15 10:30:00-05:00,EIA Gasoline Stocks ChangeJAN/10,5.852M,2.60M,,2.0
2025-01-15 10:30:00-05:00,EIA Distillate Fuel Production ChangeJAN/10,-0.021M,,,3.0
2025-01-15 10:30:00-05:00,EIA Cushing Crude Oil Stocks ChangeJAN/10,0.765M,,,3.0
2025-01-15 10:30:00-05:00,EIA Crude Oil Imports ChangeJAN/10,-1.304M,,,3.0
2025-01-15 10:30:00-05:00,EIA Refinery Crude Runs ChangeJAN/10,-0.255M,,,3.0
2025-01-15 11:00:00-05:00,Fed Williams Speech,,,,2.0
2025-01-15 11:30:00-05:00,17-Week Bill Auction,4.210%,,,3.0
2025-01-15 12:00:00-05:00,NOPA Crush Report,,,,3.0
2025-01-15 12:00:00-05:00,Fed Golsbee Speech,,,,2.0
2025-01-15 14:00:00-05:00,Fed Beige Book,,,,3.0
2025-01-16 08:30:00-05:00,Import Prices MoMDEC,0.1%,0.1%,0.1%,2.0
2025-01-16 08:30:00-05:00,Jobless Claims 4-week AverageJAN/11,212.75K,,215.0K,3.0
2025-01-16 08:30:00-05:00,Philly Fed EmploymentJAN,11.9,,,3.0
2025-01-16 08:30:00-05:00,Retail Sales MoMDEC,0.4%,0.6%,0.5%,1.0
2025-01-16 08:30:00-05:00,Import Prices YoYDEC,2.2%,2.1%,1.6%,3.0
2025-01-16 08:30:00-05:00,Retail Sales YoYDEC,3.9%,,4.0%,3.0
2025-01-16 08:30:00-05:00,Philadelphia Fed Manufacturing IndexJAN,44.3,-5,-10,2.0
2025-01-16 08:30:00-05:00,Philly Fed Prices PaidJAN,31.90,,,3.0
2025-01-16 08:30:00-05:00,Philly Fed CAPEX IndexJAN,39.00,,,3.0
2025-01-16 08:30:00-05:00,Initial Jobless ClaimsJAN/11,217K,210K,209.0K,2.0
2025-01-16 08:30:00-05:00,Export Prices MoMDEC,0.3%,0.2%,0.5%,2.0
2025-01-16 08:30:00-05:00,Philly Fed New OrdersJAN,42.9,,,3.0
2025-01-16 08:30:00-05:00,Philly Fed Business ConditionsJAN,46.3,,,3.0
2025-01-16 08:30:00-05:00,Continuing Jobless ClaimsJAN/04,1859K,1870K,1870.0K,3.0
2025-01-16 08:30:00-05:00,Export Prices YoYDEC,1.8%,,1.9%,3.0
2025-01-16 08:30:00-05:00,Retail Sales Ex Autos MoMDEC,0.4%,0.4%,0.4%,2.0
2025-01-16 08:30:00-05:00,Retail Sales Ex Gas/Autos MoMDEC,0.3%,0.4%,0.4%,3.0
2025-01-16 10:00:00-05:00,NAHB Housing Market IndexJAN,47,45,45,2.0
2025-01-16 10:00:00-05:00,Business Inventories MoMNOV,0.1%,0.1%,0.4%,2.0
2025-01-16 10:00:00-05:00,Retail Inventories Ex Autos MoMNOV,0.5%,0.6%,0.4%,3.0
2025-01-16 10:30:00-05:00,EIA Natural Gas Stocks ChangeJAN/10,-258Bcf,-255Bcf,,3.0
2025-01-16 11:30:00-05:00,8-Week Bill Auction,4.235%,,,3.0
2025-01-16 11:30:00-05:00,4-Week Bill Auction,4.240%,,,3.0
2025-01-16 12:00:00-05:00,30-Year Mortgage RateJAN/16,7.04%,,,3.0
2025-01-16 12:00:00-05:00,15-Year Mortgage RateJAN/16,6.27%,,,3.0
2025-01-16 16:30:00-05:00,Fed Balance SheetJAN/15,$6.83T,,,3.0
2025-01-17 08:30:00-05:00,Housing StartsDEC,1.499M,1.32M,1.32M,1.0
2025-01-17 08:30:00-05:00,Housing Starts MoMDEC,15.8%,,2%,2.0
2025-01-17 08:30:00-05:00,Building Permits MoM PrelDEC,-0.7%,,-0.9%,2.0
2025-01-17 08:30:00-05:00,Building Permits PrelDEC,1.483M,1.46M,1.48M,1.0
2025-01-17 09:15:00-05:00,Manufacturing Production YoYDEC,0%,,-0.7%,3.0
2025-01-17 09:15:00-05:00,Industrial Production MoMDEC,0.9%,0.3%,0.1%,2.0
2025-01-17 09:15:00-05:00,Manufacturing Production MoMDEC,0.6%,0.2%,0.4%,3.0
2025-01-17 09:15:00-05:00,Capacity UtilizationDEC,77.6%,77%,76.9%,3.0
2025-01-17 09:15:00-05:00,Industrial Production YoYDEC,0.5%,,-0.5%,3.0
2025-01-17 13:00:00-05:00,Baker Hughes Oil Rig CountJAN/17,478,,,3.0
2025-01-17 13:00:00-05:00,Baker Hughes Total Rigs CountJAN/17,580,,,3.0
2025-01-17 16:00:00-05:00,Overall Net Capital FlowsNOV,$159.9B,,,3.0
2025-01-17 16:00:00-05:00,Net Long-term TIC FlowsNOV,$79B,$159.9B,,2.0
2025-01-17 16:00:00-05:00,Foreign Bond InvestmentNOV,$-15.8B,,,3.0
2025-01-20 16:00:00-05:00,Inauguration Day,,,,3.0
2025-01-21 11:30:00-05:00,3-Month Bill Auction,4.215%,,,3.0
2025-01-21 11:30:00-05:00,6-Month Bill Auction,4.165%,,,3.0
2025-01-21 13:00:00-05:00,52-Week Bill Auction,4.025%,,,3.0
2025-01-21 13:00:00-05:00,42-Day Bill Auction,4.250%,,,3.0
2025-01-22 07:00:00-05:00,MBA Purchase IndexJAN/17,163.0,,,3.0
2025-01-22 07:00:00-05:00,MBA Mortgage Refinance IndexJAN/17,558.8,,,3.0
2025-01-22 07:00:00-05:00,MBA 30-Year Mortgage RateJAN/17,7.02%,,,2.0
2025-01-22 07:00:00-05:00,MBA Mortgage ApplicationsJAN/17,0.1%,,,3.0
2025-01-22 07:00:00-05:00,MBA Mortgage Market IndexJAN/17,224.6,,,3.0
2025-01-22 08:55:00-05:00,Redbook YoYJAN/18,4.5%,,,3.0
2025-01-22 10:00:00-05:00,CB Leading Index MoMDEC,-0.1%,0%,0%,3.0
2025-01-22 11:30:00-05:00,17-Week Bill Auction,4.205%,,,3.0
2025-01-22 13:00:00-05:00,20-Year Bond Auction,4.900%,,,3.0
2025-01-22 16:30:00-05:00,API Crude Oil Stock ChangeJAN/17,1M,,,2.0
2025-01-23 08:30:00-05:00,Jobless Claims 4-week AverageJAN/18,213.5K,,213.0K,3.0
2025-01-23 08:30:00-05:00,Initial Jobless ClaimsJAN/18,223K,220K,219K,2.0
2025-01-23 08:30:00-05:00,Continuing Jobless ClaimsJAN/11,1899K,1860K,1861K,3.0
2025-01-23 10:30:00-05:00,EIA Natural Gas Stocks ChangeJAN/17,-223Bcf,-244Bcf,,3.0
2025-01-23 11:00:00-05:00,Kansas Fed Manufacturing IndexJAN,-9,,-9,3.0
2025-01-23 11:00:00-05:00,Kansas Fed Composite IndexJAN,-5,,-7,3.0
2025-01-23 11:30:00-05:00,4-Week Bill Auction,4.265%,,,3.0
2025-01-23 11:30:00-05:00,8-Week Bill Auction,4.250%,,,3.0
2025-01-23 12:00:00-05:00,EIA Heating Oil Stocks ChangeJAN/17,0.068M,,,3.0
2025-01-23 12:00:00-05:00,EIA Crude Oil Imports ChangeJAN/17,0.184M,,,3.0
2025-01-23 12:00:00-05:00,EIA Distillate Stocks ChangeJAN/17,-3.07M,0.6M,,3.0
2025-01-23 12:00:00-05:00,EIA Gasoline Production ChangeJAN/17,-0.043M,,,3.0
2025-01-23 12:00:00-05:00,EIA Cushing Crude Oil Stocks ChangeJAN/17,-0.148M,,,3.0
2025-01-23 12:00:00-05:00,EIA Gasoline Stocks ChangeJAN/17,2.332M,2.5M,,2.0
2025-01-23 12:00:00-05:00,EIA Refinery Crude Runs ChangeJAN/17,-1.125M,,,3.0
2025-01-23 12:00:00-05:00,EIA Distillate Fuel Production ChangeJAN/17,-0.473M,,,3.0
2025-01-23 12:00:00-05:00,30-Year Mortgage RateJAN/23,6.96%,,,3.0
2025-01-23 12:00:00-05:00,EIA Crude Oil Stocks ChangeJAN/17,-1.017M,-2.1M,,2.0
2025-01-23 12:00:00-05:00,15-Year Mortgage RateJAN/23,6.16%,,,3.0
2025-01-23 13:00:00-05:00,10-Year TIPS Auction,2.243%,,,3.0
2025-01-23 16:30:00-05:00,Fed Balance SheetJAN/22,$6.83T,,,3.0
2025-01-24 09:45:00-05:00,S&P Global Manufacturing PMI FlashJAN,50.1,49.7,49.6,2.0
2025-01-24 09:45:00-05:00,S&P Global Services PMI FlashJAN,52.8,56.5,56.6,2.0
2025-01-24 09:45:00-05:00,S&P Global Composite PMI FlashJAN,52.4,,55.3,2.0
2025-01-24 10:00:00-05:00,Michigan Consumer Sentiment FinalJAN,71.1,73.2,73.2,2.0
2025-01-24 10:00:00-05:00,Existing Home Sales MoMDEC,2.2%,,0.3%,2.0
2025-01-24 10:00:00-05:00,Michigan Inflation Expectations FinalJAN,3.3%,3.3%,3.3%,3.0
2025-01-24 10:00:00-05:00,Michigan Consumer Expectations FinalJAN,69.3,70.2,70.2,3.0
2025-01-24 10:00:00-05:00,Existing Home SalesDEC,4.24M,4.19M,4.1M,1.0
2025-01-24 10:00:00-05:00,Michigan Current Conditions FinalJAN,74.0,77.9,77.9,3.0
2025-01-24 10:00:00-05:00,Michigan 5 Year Inflation Expectations FinalJAN,3.2%,3.3%,3.3%,3.0
2025-01-24 13:00:00-05:00,Baker Hughes Oil Rig CountJAN/24,472,,,3.0
2025-01-24 13:00:00-05:00,Baker Hughes Total Rigs CountJAN/24,576,,,3.0
2025-01-27 07:30:00-05:00,Building Permits FinalDEC,1.482M,1.483M,1.6M,3.0
2025-01-27 07:30:00-05:00,Building Permits MoM FinalDEC,-0.7%,-0.7%,-0.7%,3.0
2025-01-27 08:30:00-05:00,Chicago Fed National Activity IndexDEC,0.15,,0.1,2.0
2025-01-27 10:00:00-05:00,New Home Sales MoMDEC,3.6%,,-3.5%,2.0
2025-01-27 10:00:00-05:00,New Home SalesDEC,0.698M,0.67M,0.64M,2.0
2025-01-27 10:30:00-05:00,Dallas Fed Manufacturing IndexJAN,14.1,,4,2.0
2025-01-27 11:30:00-05:00,6-Month Bill Auction,4.140%,,,3.0
2025-01-27 11:30:00-05:00,2-Year Note Auction,4.211%,,,3.0
2025-01-27 13:00:00-05:00,3-Month Bill Auction,4.195%,,,3.0
2025-01-27 13:00:00-05:00,5-Year Note Auction,4.33%,,,3.0
2025-01-28 08:30:00-05:00,Durable Goods Orders Ex Transp MoMDEC,0.3%,0.4%,0.4%,2.0
2025-01-28 08:30:00-05:00,Non Defense Goods Orders Ex AirDEC,0.5%,0.3%,0.3%,3.0
2025-01-28 08:30:00-05:00,Durable Goods Orders ex Defense MoMDEC,-2.4%,,0.4%,3.0
2025-01-28 08:30:00-05:00,Durable Goods Orders MoMDEC,-2.2%,0.6%,0.5%,1.0
2025-01-28 08:55:00-05:00,Redbook YoYJAN/25,4.9%,,,3.0
2025-01-28 09:00:00-05:00,S&P/Case-Shiller Home Price MoMNOV,-0.1%,,-0.1%,3.0
2025-01-28 09:00:00-05:00,S&P/Case-Shiller Home Price YoYNOV,4.3%,4.3%,4%,2.0
2025-01-28 09:00:00-05:00,House Price Index YoYNOV,4.2%,,4.3%,3.0
2025-01-28 09:00:00-05:00,House Price IndexNOV,433.4,,433,3.0
2025-01-28 09:00:00-05:00,House Price Index MoMNOV,0.3%,0.2%,0.3%,3.0
2025-01-28 10:00:00-05:00,CB Consumer ConfidenceJAN,104.1,105.6,104,2.0
2025-01-28 10:00:00-05:00,Richmond Fed Manufacturing IndexJAN,-4,-8,-8,3.0
2025-01-28 10:00:00-05:00,Richmond Fed Manufacturing Shipments IndexJAN,-9,,-9,3.0
2025-01-28 10:00:00-05:00,Richmond Fed Services Revenues IndexJAN,4,,21,3.0
2025-01-28 10:30:00-05:00,Dallas Fed Services Revenues IndexJAN,5.7,,13,3.0
2025-01-28 10:30:00-05:00,Dallas Fed Services IndexJAN,7.4,,9.5,3.0
2025-01-28 11:30:00-05:00,2-Year FRN Auction,0.098%,,,3.0
2025-01-28 11:30:00-05:00,42-Day Bill Auction,4.260%,,,3.0
2025-01-28 13:00:00-05:00,Money SupplyDEC,$21.53T,,,3.0
2025-01-28 13:00:00-05:00,7-Year Note Auction,4.457%,,,3.0
2025-01-28 16:30:00-05:00,API Crude Oil Stock ChangeJAN/24,2.86M,3.7M,,2.0
2025-01-29 07:00:00-05:00,MBA 30-Year Mortgage RateJAN/24,7.02%,,,2.0
2025-01-29 07:00:00-05:00,MBA Mortgage Refinance IndexJAN/24,520.9,,,3.0
2025-01-29 07:00:00-05:00,MBA Mortgage Market IndexJAN/24,220.0,,,3.0
2025-01-29 07:00:00-05:00,MBA Mortgage ApplicationsJAN/24,-2%,,,3.0
2025-01-29 07:00:00-05:00,MBA Purchase IndexJAN/24,162.4,,,3.0
2025-01-29 08:30:00-05:00,Retail Inventories Ex Autos MoM AdvDEC,0.2%,,0.4%,2.0
2025-01-29 08:30:00-05:00,Wholesale Inventories MoM AdvDEC,-0.5%,0.2%,0.2%,2.0
2025-01-29 08:30:00-05:00,Goods Trade Balance AdvDEC,$-122.11B,$-105.4B,$ -106B,2.0
2025-01-29 10:30:00-05:00,EIA Crude Oil Imports ChangeJAN/24,0.532M,,,3.0
2025-01-29 10:30:00-05:00,EIA Gasoline Stocks ChangeJAN/24,2.957M,1.5M,,2.0
2025-01-29 10:30:00-05:00,EIA Distillate Fuel Production ChangeJAN/24,0.028M,,,3.0
2025-01-29 10:30:00-05:00,EIA Crude Oil Stocks ChangeJAN/24,3.463M,3.2M,,2.0
2025-01-29 10:30:00-05:00,EIA Distillate Stocks ChangeJAN/24,-4.994M,-2.1M,,3.0
2025-01-29 10:30:00-05:00,EIA Gasoline Production ChangeJAN/24,-0.044M,,,3.0
2025-01-29 10:30:00-05:00,EIA Heating Oil Stocks ChangeJAN/24,0.128M,,,3.0
2025-01-29 10:30:00-05:00,EIA Cushing Crude Oil Stocks ChangeJAN/24,0.326M,,,3.0
2025-01-29 10:30:00-05:00,EIA Refinery Crude Runs ChangeJAN/24,-0.333M,,,3.0
2025-01-29 11:30:00-05:00,17-Week Bill Auction,4.190%,,,3.0
2025-01-29 14:00:00-05:00,Fed Interest Rate Decision,4.5%,4.5%,4.5%,1.0
2025-01-29 14:30:00-05:00,Fed Press Conference,,,,1.0
2025-01-30 08:30:00-05:00,Core PCE Prices QoQ AdvQ4,2.5%,2.5%,2.3%,3.0
2025-01-30 08:30:00-05:00,Jobless Claims 4-week AverageJAN/25,212.5K,,214.0K,3.0
2025-01-30 08:30:00-05:00,GDP Sales QoQ AdvQ4,3.2%,,2.9%,3.0
2025-01-30 08:30:00-05:00,GDP Growth Rate QoQ AdvQ4,2.3%,2.6%,3%,1.0
2025-01-30 08:30:00-05:00,Initial Jobless ClaimsJAN/25,207K,220K,228.0K,2.0
2025-01-30 08:30:00-05:00,Continuing Jobless ClaimsJAN/18,1858K,1890K,1885.0K,3.0
2025-01-30 08:30:00-05:00,GDP Price Index QoQ AdvQ4,2.2%,2.5%,2.3%,2.0
2025-01-30 08:30:00-05:00,PCE Prices QoQ AdvQ4,2.3%,,1.1%,3.0
2025-01-30 08:30:00-05:00,Real Consumer Spending QoQ AdvQ4,4.2%,,2.9%,3.0
2025-01-30 10:00:00-05:00,Pending Home Sales MoMDEC,-5.5%,0%,-0.3%,2.0
2025-01-30 10:00:00-05:00,Pending Home Sales YoYDEC,-5.0%,,4.0%,2.0
2025-01-30 10:30:00-05:00,EIA Natural Gas Stocks ChangeJAN/24,-321Bcf,-313Bcf,,3.0
2025-01-30 11:30:00-05:00,8-Week Bill Auction,4.240%,,,3.0
2025-01-30 11:30:00-05:00,4-Week Bill Auction,4.250%,,,3.0
2025-01-30 12:00:00-05:00,15-Year Mortgage RateJAN/30,6.12%,,,3.0
2025-01-30 12:00:00-05:00,30-Year Mortgage RateJAN/30,6.95%,,,3.0
2025-01-30 16:30:00-05:00,Fed Balance SheetJAN/29,$6.82T,,,3.0
2025-01-31 08:30:00-05:00,Personal Income MoMDEC,0.4%,0.4%,0.3%,1.0
2025-01-31 08:30:00-05:00,Employment Cost - Benefits QoQQ4,0.8%,,0.7%,2.0
2025-01-31 08:30:00-05:00,Employment Cost - Wages QoQQ4,0.9%,,0.7%,2.0
2025-01-31 08:30:00-05:00,Personal Spending MoMDEC,0.7%,0.5%,0.5%,1.0
2025-01-31 08:30:00-05:00,Employment Cost Index QoQQ4,0.9%,0.9%,0.7%,2.0
2025-01-31 08:30:00-05:00,PCE Price Index MoMDEC,0.3%,0.3%,0.3%,2.0
2025-01-31 08:30:00-05:00,Core PCE Price Index MoMDEC,0.2%,0.2%,0.2%,1.0
2025-01-31 08:30:00-05:00,Core PCE Price Index YoYDEC,2.8%,2.8%,2.8%,3.0
2025-01-31 08:30:00-05:00,PCE Price Index YoYDEC,2.6%,2.6%,2.6%,2.0
2025-01-31 08:30:00-05:00,Fed Bowman Speech,,,,2.0
2025-01-31 09:45:00-05:00,Chicago PMIJAN,39.5,40,37.2,2.0
2025-01-31 13:00:00-05:00,Baker Hughes Total Rigs CountJAN/31,582,,,3.0
2025-01-31 13:00:00-05:00,Baker Hughes Oil Rig CountJAN/31,479,468,,3.0
2025-02-03 09:45:00-05:00,S&P Global Manufacturing PMI FinalJAN,51.2,50.1,50.1,2.0
2025-02-03 10:00:00-05:00,ISM Manufacturing EmploymentJAN,50.3,,47,2.0
2025-02-03 10:00:00-05:00,ISM Manufacturing PMIJAN,50.9,49.8,49.8,1.0
2025-02-03 10:00:00-05:00,ISM Manufacturing PricesJAN,54.9,52.6,53,3.0
2025-02-03 10:00:00-05:00,ISM Manufacturing New OrdersJAN,55.1,,52.8,3.0
2025-02-03 10:00:00-05:00,Construction Spending MoMDEC,0.5%,0.2%,0.3%,3.0
2025-02-03 11:30:00-05:00,6-Month Bill Auction,4.155%,,,3.0
2025-02-03 11:30:00-05:00,3-Month Bill Auction,4.22%,,,3.0
2025-02-03 12:30:00-05:00,Fed Bostic Speech,,,,2.0
2025-02-03 14:00:00-05:00,Loan Officer Survey,,,,3.0
2025-02-03 15:00:00-05:00,Treasury Refunding Financing Estimates,,,,3.0
2025-02-03 18:30:00-05:00,Fed Musalem Speech,,,,2.0
2025-02-04 05:50:00-05:00,LMI Logistics Managers IndexJAN,62.0,,,3.0
2025-02-04 08:55:00-05:00,Redbook YoYFEB/01,5.7%,,,3.0
2025-02-04 10:00:00-05:00,JOLTs Job OpeningsDEC,7.6M,8M,7.8M,1.0
2025-02-04 10:00:00-05:00,JOLTs Job QuitsDEC,3.197M,,3.1M,3.0
2025-02-04 10:00:00-05:00,Factory Orders MoMDEC,-0.9%,-0.7%,-0.7%,2.0
2025-02-04 10:00:00-05:00,Factory Orders ex TransportationDEC,0.3%,,0.6%,3.0
2025-02-04 10:10:00-05:00,RCM/TIPP Economic Optimism IndexFEB,52,53.0,52.3,3.0
2025-02-04 11:00:00-05:00,Fed Bostic Speech,,,,2.0
2025-02-04 11:30:00-05:00,42-Day Bill Auction,4.250%,,,3.0
2025-02-04 14:00:00-05:00,Fed Daly Speech,,,,2.0
2025-02-04 16:30:00-05:00,API Crude Oil Stock ChangeJAN/31,5.025M,3.17M,,2.0
2025-02-04 19:30:00-05:00,Fed Jefferson Speech,,,,2.0
2025-02-05 07:00:00-05:00,MBA Mortgage ApplicationsJAN/31,2.2%,,,3.0
2025-02-05 07:00:00-05:00,MBA 30-Year Mortgage RateJAN/31,6.97%,,,2.0
2025-02-05 07:00:00-05:00,MBA Purchase IndexJAN/31,156.7,,,3.0
2025-02-05 07:00:00-05:00,MBA Mortgage Market IndexJAN/31,224.8,,,3.0
2025-02-05 07:00:00-05:00,MBA Mortgage Refinance IndexJAN/31,584.3,,,3.0
2025-02-05 08:15:00-05:00,ADP Employment ChangeJAN,183K,150K,120.0K,2.0
2025-02-05 08:30:00-05:00,Balance of TradeDEC,$-98.4B,$-96.6B,$ -93.0B,2.0
2025-02-05 08:30:00-05:00,ExportsDEC,$266.5B,,$ 262B,2.0
2025-02-05 08:30:00-05:00,Treasury Refunding Announcement,,,,3.0
2025-02-05 08:30:00-05:00,ImportsDEC,$364.9B,,$ 355.0B,2.0
2025-02-05 09:00:00-05:00,Fed Barkin Speech,,,,2.0
2025-02-05 09:45:00-05:00,S&P Global Services PMI FinalJAN,52.9,52.8,52.8,2.0
2025-02-05 09:45:00-05:00,S&P Global Composite PMI FinalJAN,52.7,52.4,52.4,2.0
2025-02-05 10:00:00-05:00,ISM Services Business ActivityJAN,54.5,,58.1,3.0
2025-02-05 10:00:00-05:00,ISM Services PMIJAN,52.8,54.3,54,1.0
2025-02-05 10:00:00-05:00,ISM Services EmploymentJAN,52.3,,51.3,3.0
2025-02-05 10:00:00-05:00,ISM Services PricesJAN,60.4,,64.8,3.0
2025-02-05 10:00:00-05:00,ISM Services New OrdersJAN,51.3,,54.1,3.0
2025-02-05 10:30:00-05:00,EIA Distillate Stocks ChangeJAN/31,-5.471M,-1.5M,,3.0
2025-02-05 10:30:00-05:00,EIA Distillate Fuel Production ChangeJAN/31,-0.186M,,,3.0
2025-02-05 10:30:00-05:00,EIA Crude Oil Imports ChangeJAN/31,-0.178M,,,3.0
2025-02-05 10:30:00-05:00,EIA Heating Oil Stocks ChangeJAN/31,0.373M,,,3.0
2025-02-05 10:30:00-05:00,EIA Gasoline Stocks ChangeJAN/31,2.233M,1.2M,,2.0
2025-02-05 10:30:00-05:00,EIA Gasoline Production ChangeJAN/31,-0.027M,,,3.0
2025-02-05 10:30:00-05:00,EIA Crude Oil Stocks ChangeJAN/31,8.664M,2.6M,,2.0
2025-02-05 10:30:00-05:00,EIA Cushing Crude Oil Stocks ChangeJAN/31,-0.034M,,,3.0
2025-02-05 10:30:00-05:00,EIA Refinery Crude Runs ChangeJAN/31,0.16M,,,3.0
2025-02-05 11:30:00-05:00,17-Week Bill Auction,4.205%,,,3.0
2025-02-05 13:00:00-05:00,Fed Goolsbee Speech,,,,2.0
2025-02-05 15:00:00-05:00,Fed Bowman Speech,,,,2.0
2025-02-06 07:30:00-05:00,Challenger Job CutsJAN,49.795K,,45K,3.0
2025-02-06 08:30:00-05:00,Unit Labour Costs QoQ PrelQ4,3%,3.4%,3%,2.0
2025-02-06 08:30:00-05:00,Nonfarm Productivity QoQ PrelQ4,1.2%,1.4%,1.9%,2.0
2025-02-06 08:30:00-05:00,Continuing Jobless ClaimsJAN/25,1886K,1870K,1855.0K,3.0
2025-02-06 08:30:00-05:00,Initial Jobless ClaimsFEB/01,219K,213K,215.0K,2.0
2025-02-06 08:30:00-05:00,Jobless Claims 4-week AverageFEB/01,216.75K,,215.5K,3.0
2025-02-06 10:00:00-05:00,Total Vehicle SalesJAN,15.6M,,,3.0
2025-02-06 10:30:00-05:00,EIA Natural Gas Stocks ChangeJAN/31,-174Bcf,-168Bcf,,3.0
2025-02-06 11:30:00-05:00,4-Week Bill Auction,4.250%,,,3.0
2025-02-06 11:30:00-05:00,8-Week Bill Auction,4.240%,,,3.0
2025-02-06 12:00:00-05:00,30-Year Mortgage RateFEB/06,6.89%,,,3.0
2025-02-06 12:00:00-05:00,15-Year Mortgage RateFEB/06,6.05%,,,3.0
2025-02-06 14:30:00-05:00,Fed Waller Speech,,,,2.0
2025-02-06 15:30:00-05:00,Fed Daly Speech,,,,2.0
2025-02-06 16:30:00-05:00,Fed Balance SheetFEB/05,$6.81T,,,3.0
2025-02-07 08:30:00-05:00,Average Hourly Earnings YoYJAN,4.1%,3.8%,3.9%,2.0
2025-02-07 08:30:00-05:00,Nonfarm Payrolls PrivateJAN,111K,141K,180K,3.0
2025-02-07 08:30:00-05:00,Participation RateJAN,62.6%,,62.5%,2.0
2025-02-07 08:30:00-05:00,Non Farm PayrollsJAN,143K,170K,205K,1.0
2025-02-07 08:30:00-05:00,Government PayrollsJAN,32K,,25K,3.0
2025-02-07 08:30:00-05:00,Average Hourly Earnings MoMJAN,0.5%,0.3%,0.3%,2.0
2025-02-07 08:30:00-05:00,Manufacturing PayrollsJAN,3K,-2K,-5K,3.0
2025-02-07 08:30:00-05:00,Unemployment RateJAN,4%,4.1%,4.1%,1.0
2025-02-07 08:30:00-05:00,U-6 Unemployment RateJAN,7.5%,,7.5%,3.0
2025-02-07 08:30:00-05:00,Average Weekly HoursJAN,34.1,34.3,34.3,3.0
2025-02-07 08:40:00-05:00,Fed Kashkari Speech,,,,2.0
2025-02-07 09:00:00-05:00,Used Car Prices MoMJAN,0.4%,,,3.0
2025-02-07 09:00:00-05:00,Used Car Prices YoYJAN,0.8%,,,3.0
2025-02-07 09:25:00-05:00,Fed Bowman Speech,,,,2.0
2025-02-07 10:00:00-05:00,Michigan Consumer Sentiment PrelFEB,67.8,71.1,72,1.0
2025-02-07 10:00:00-05:00,Michigan Inflation Expectations PrelFEB,4.3%,,3.4%,3.0
2025-02-07 10:00:00-05:00,Michigan Consumer Expectations PrelFEB,67.3,70,69.5,3.0
2025-02-07 10:00:00-05:00,Michigan 5 Year Inflation Expectations PrelFEB,3.3%,,3.3%,3.0
2025-02-07 10:00:00-05:00,Michigan Current Conditions PrelFEB,68.7,73,74.3,3.0
2025-02-07 10:00:00-05:00,Wholesale Inventories MoMDEC,-0.5%,-0.5%,-0.5%,3.0
2025-02-07 10:30:00-05:00,Fed Goolsbee Speech,,,,2.0
2025-02-07 12:00:00-05:00,Fed Kugler Speech,,,,2.0
2025-02-07 13:00:00-05:00,Baker Hughes Total Rigs CountFEB/07,586,,,3.0
2025-02-07 13:00:00-05:00,Baker Hughes Oil Rig CountFEB/07,480,,,3.0
2025-02-07 15:00:00-05:00,Consumer Credit ChangeDEC,$40.85B,$12.35B,$ 18B,3.0
2025-02-10 11:00:00-05:00,Consumer Inflation ExpectationsJAN,3%,,3.1%,3.0
2025-02-10 11:30:00-05:00,3-Month Bill Auction,4.225%,,,3.0
2025-02-10 11:30:00-05:00,6-Month Bill Auction,4.185%,,,3.0
2025-02-10 15:30:00-05:00,6-Month Bill Auction,4.185%,,,3.0
2025-02-11 06:00:00-05:00,NFIB Business Optimism IndexJAN,102.8,104.6,104,3.0
2025-02-11 08:50:00-05:00,Fed Hammack Speech,,,,2.0
2025-02-11 08:55:00-05:00,Redbook YoYFEB/08,,,,3.0
2025-02-11 10:00:00-05:00,Fed Chair Powell Testimony,,,,1.0
2025-02-11 11:30:00-05:00,42-Day Bill Auction,,,,3.0
2025-02-11 12:00:00-05:00,WASDE Report,,,,3.0
2025-02-11 13:00:00-05:00,3-Year Note Auction,,,,3.0
2025-02-11 15:30:00-05:00,Fed Williams Speech,,,,2.0
2025-02-11 15:30:00-05:00,Fed Bowman Speech,,,,2.0
2025-02-11 16:30:00-05:00,API Crude Oil Stock ChangeFEB/07,,2.8M,,2.0
2025-02-12 07:00:00-05:00,MBA Mortgage Refinance IndexFEB/07,,,,3.0
2025-02-12 07:00:00-05:00,MBA 30-Year Mortgage RateFEB/07,,,,2.0
2025-02-12 07:00:00-05:00,MBA Purchase IndexFEB/07,,,,3.0
2025-02-12 07:00:00-05:00,MBA Mortgage ApplicationsFEB/07,,,,3.0
2025-02-12 07:00:00-05:00,MBA Mortgage Market IndexFEB/07,,,,3.0
2025-02-12 08:30:00-05:00,CPI s.aJAN,,,318.2,2.0
2025-02-12 08:30:00-05:00,Core Inflation Rate YoYJAN,,3.1%,3.1%,1.0
2025-02-12 08:30:00-05:00,Core Inflation Rate MoMJAN,,0.3%,0.3%,1.0
2025-02-12 08:30:00-05:00,CPIJAN,,317.42,317.3,2.0
2025-02-12 08:30:00-05:00,Inflation Rate YoYJAN,,2.9%,2.9%,1.0
2025-02-12 08:30:00-05:00,Inflation Rate MoMJAN,,0.3%,0.2%,1.0
2025-02-12 10:30:00-05:00,EIA Gasoline Production ChangeFEB/07,,,,3.0
2025-02-12 10:30:00-05:00,EIA Cushing Crude Oil Stocks ChangeFEB/07,,,,3.0
2025-02-12 10:30:00-05:00,EIA Heating Oil Stocks ChangeFEB/07,,,,3.0
2025-02-12 10:30:00-05:00,EIA Gasoline Stocks ChangeFEB/07,,,,2.0
2025-02-12 10:30:00-05:00,EIA Distillate Fuel Production ChangeFEB/07,,,,3.0
2025-02-12 10:30:00-05:00,EIA Crude Oil Stocks ChangeFEB/07,,,,2.0
2025-02-12 10:30:00-05:00,EIA Distillate Stocks ChangeFEB/07,,,,3.0
2025-02-12 10:30:00-05:00,EIA Crude Oil Imports ChangeFEB/07,,,,3.0
2025-02-12 10:30:00-05:00,EIA Refinery Crude Runs ChangeFEB/07,,,,3.0
2025-02-12 11:30:00-05:00,17-Week Bill Auction,,,,3.0
2025-02-12 12:00:00-05:00,Fed Bostic Speech,,,,2.0
2025-02-12 13:00:00-05:00,10-Year Note Auction,,,,3.0
2025-02-12 14:00:00-05:00,Monthly Budget StatementJAN,,$-79.8B,$-93.0B,2.0
2025-02-12 17:05:00-05:00,Fed Waller Speech,,,,2.0
2025-02-13 08:30:00-05:00,"PPI Ex Food, Energy and Trade MoMJAN",,,0.2%,3.0
2025-02-13 08:30:00-05:00,"PPI Ex Food, Energy and Trade YoYJAN",,3.2%,3.3%,3.0
2025-02-13 08:30:00-05:00,Continuing Jobless ClaimsFEB/01,,,1875.0K,3.0
2025-02-13 08:30:00-05:00,Core PPI MoMJAN,,0.3%,0.1%,2.0
2025-02-13 08:30:00-05:00,PPI MoMJAN,,0.3%,0.3%,1.0
2025-02-13 08:30:00-05:00,PPIJAN,,,147.2,3.0
2025-02-13 08:30:00-05:00,Core PPI YoYJAN,,3.3%,3.5%,3.0
2025-02-13 08:30:00-05:00,Jobless Claims 4-week AverageFEB/08,,,216.0K,3.0
2025-02-13 08:30:00-05:00,PPI YoYJAN,,,3.4%,3.0
2025-02-13 08:30:00-05:00,Initial Jobless ClaimsFEB/08,,216K,215.0K,2.0
2025-02-13 10:30:00-05:00,EIA Natural Gas Stocks ChangeFEB/07,,,,3.0
2025-02-13 11:00:00-05:00,Total Household DebtQ4,,,,3.0
2025-02-13 11:30:00-05:00,8-Week Bill Auction,,,,3.0
2025-02-13 11:30:00-05:00,4-Week Bill Auction,,,,3.0
2025-02-13 12:00:00-05:00,15-Year Mortgage RateFEB/13,,,,3.0
2025-02-13 12:00:00-05:00,30-Year Mortgage RateFEB/13,,,,3.0
2025-02-13 13:00:00-05:00,30-Year Bond Auction,,,,3.0
2025-02-13 16:30:00-05:00,Fed Balance SheetFEB/12,,,,3.0
2025-02-14 08:30:00-05:00,Retail Sales YoYJAN,,,3.7%,3.0
2025-02-14 08:30:00-05:00,Export Prices MoMJAN,,0.4%,0.3%,2.0
2025-02-14 08:30:00-05:00,Retail Sales Ex Autos MoMJAN,,0.3%,0.3%,2.0
2025-02-14 08:30:00-05:00,Import Prices MoMJAN,,0.4%,0.3%,2.0
2025-02-14 08:30:00-05:00,Retail Sales MoMJAN,,-0.1%,0%,1.0
2025-02-14 08:30:00-05:00,Export Prices YoYJAN,,,2.3%,3.0
2025-02-14 08:30:00-05:00,Retail Sales Ex Gas/Autos MoMJAN,,,0.2%,3.0
2025-02-14 08:30:00-05:00,Retail Sales Control Group MoMJAN,,,0.5%,2.0
2025-02-14 08:30:00-05:00,Import Prices YoYJAN,,,2.8%,3.0
2025-02-14 09:15:00-05:00,Industrial Production YoYJAN,,,0.9%,3.0
2025-02-14 09:15:00-05:00,Manufacturing Production YoYJAN,,,0.8%,3.0
2025-02-14 09:15:00-05:00,Industrial Production MoMJAN,,0.2%,0.3%,2.0
2025-02-14 09:15:00-05:00,Capacity UtilizationJAN,,77.7%,77.4%,3.0
2025-02-14 09:15:00-05:00,Manufacturing Production MoMJAN,,0.1%,0.2%,3.0
2025-02-14 10:00:00-05:00,Business Inventories MoMDEC,,0%,-0.1%,2.0
2025-02-14 10:00:00-05:00,Retail Inventories Ex Autos MoMDEC,,0.2%,0.2%,3.0
2025-02-14 13:00:00-05:00,Baker Hughes Oil Rig CountFEB/14,,,,3.0
2025-02-14 13:00:00-05:00,Baker Hughes Total Rigs CountFEB/14,,,,3.0
2025-02-17 09:30:00-05:00,Fed Harker Speech,,,,2.0
2025-02-17 10:20:00-05:00,Fed Bowman Speech,,,,2.0
2025-02-17 18:00:00-05:00,Fed Waller Speech,,,,2.0
2025-02-18 08:30:00-05:00,NY Empire State Manufacturing IndexFEB,,-1,2,2.0
2025-02-18 08:30:00-05:00,NY Empire State Manufacturing IndexFEB,,-1,2,2.0
2025-02-18 10:00:00-05:00,NAHB Housing Market IndexFEB,,47,46,2.0
2025-02-18 10:00:00-05:00,NAHB Housing Market IndexFEB,,47,46,2.0
2025-02-18 10:20:00-05:00,Fed Daly Speech,,,,2.0
2025-02-18 10:20:00-05:00,Fed Daly Speech,,,,2.0
2025-02-18 11:30:00-05:00,6-Month Bill Auction,,,,3.0
2025-02-18 11:30:00-05:00,3-Month Bill Auction,,,,3.0
2025-02-18 11:30:00-05:00,52-Week Bill Auction,,,,3.0
2025-02-18 11:30:00-05:00,6-Month Bill Auction,,,,3.0
2025-02-18 11:30:00-05:00,3-Month Bill Auction,,,,3.0
2025-02-18 12:00:00-05:00,NOPA Crush Report,,,,3.0
2025-02-18 12:00:00-05:00,NOPA Crush Report,,,,3.0
2025-02-18 13:00:00-05:00,Fed Barr Speech,,,,2.0
2025-02-18 13:00:00-05:00,52-Week Bill Auction,,,,3.0
2025-02-18 13:00:00-05:00,52-Week Bill Auction,,,,3.0
2025-02-18 13:00:00-05:00,Fed Barr Speech,,,,2.0
2025-02-18 16:00:00-05:00,Overall Net Capital FlowsDEC,,,,3.0
2025-02-18 16:00:00-05:00,Foreign Bond InvestmentDEC,,,,3.0
2025-02-18 16:00:00-05:00,Net Long-term TIC FlowsDEC,,$149.1B,,2.0
2025-02-18 16:00:00-05:00,Net Long-term TIC FlowsDEC,,$149.1B,,2.0
2025-02-18 16:00:00-05:00,Foreign Bond InvestmentDEC,,,,3.0
2025-02-18 16:00:00-05:00,Overall Net Capital FlowsDEC,,,,3.0
2025-02-19 07:00:00-05:00,MBA 30-Year Mortgage RateFEB/14,,,,2.0
2025-02-19 07:00:00-05:00,MBA Mortgage Market IndexFEB/14,,,,3.0
2025-02-19 07:00:00-05:00,MBA Mortgage Refinance IndexFEB/14,,,,3.0
2025-02-19 07:00:00-05:00,MBA Purchase IndexFEB/14,,,,3.0
2025-02-19 07:00:00-05:00,MBA Mortgage ApplicationsFEB/14,,,,3.0
2025-02-19 07:00:00-05:00,MBA 30-Year Mortgage RateFEB/14,,,,2.0
2025-02-19 07:00:00-05:00,MBA Mortgage Market IndexFEB/14,,,,3.0
2025-02-19 07:00:00-05:00,MBA Mortgage Refinance IndexFEB/14,,,,3.0
2025-02-19 07:00:00-05:00,MBA Purchase IndexFEB/14,,,,3.0
2025-02-19 07:00:00-05:00,MBA Mortgage ApplicationsFEB/14,,,,3.0
2025-02-19 08:30:00-05:00,Building Permits PrelJAN,,1.46M,1.47M,1.0
2025-02-19 08:30:00-05:00,Housing StartsJAN,,1.4M,1.35M,1.0
2025-02-19 08:30:00-05:00,Building Permits MoM PrelJAN,,,-0.8%,2.0
2025-02-19 08:30:00-05:00,Housing Starts MoMJAN,,,-9.0%,2.0
2025-02-19 08:30:00-05:00,Building Permits PrelJAN,,1.46M,1.47M,1.0
2025-02-19 08:30:00-05:00,Housing StartsJAN,,1.4M,1.35M,1.0
2025-02-19 08:30:00-05:00,Building Permits MoM PrelJAN,,,-0.8%,2.0
2025-02-19 08:30:00-05:00,Housing Starts MoMJAN,,,-9.0%,2.0
2025-02-19 08:55:00-05:00,Redbook YoYFEB/15,,,,3.0
2025-02-19 08:55:00-05:00,Redbook YoYFEB/15,,,,3.0
2025-02-19 10:30:00-05:00,NY Fed Treasury Purchases 22.5 to 30 yrs,,$50 million,,3.0
2025-02-19 10:30:00-05:00,NY Fed Treasury Purchases 22.5 to 30 yrs,,$50 million,,3.0
2025-02-19 11:30:00-05:00,17-Week Bill Auction,,,,3.0
2025-02-19 11:30:00-05:00,17-Week Bill Auction,,,,3.0
2025-02-19 13:00:00-05:00,20-Year Bond Auction,,,,3.0
2025-02-19 13:00:00-05:00,20-Year Bond Auction,,,,3.0
2025-02-19 14:00:00-05:00,FOMC Minutes,,,,1.0
2025-02-19 14:00:00-05:00,FOMC Minutes,,,,1.0
2025-02-19 16:30:00-05:00,API Crude Oil Stock ChangeFEB/14,,,,2.0
2025-02-19 16:30:00-05:00,API Crude Oil Stock ChangeFEB/14,,,,2.0
2025-02-19 17:00:00-05:00,Fed Jefferson Speech,,,,2.0
2025-02-19 17:00:00-05:00,Fed Jefferson Speech,,,,2.0
2025-02-20 08:30:00-05:00,Initial Jobless ClaimsFEB/15,,215K,220.0K,2.0
2025-02-20 08:30:00-05:00,Philadelphia Fed Manufacturing IndexFEB,,16.3,18,2.0
2025-02-20 08:30:00-05:00,Continuing Jobless ClaimsFEB/08,,1860K,1879.0K,3.0
2025-02-20 08:30:00-05:00,Jobless Claims 4-week AverageFEB/15,,,219.0K,3.0
2025-02-20 08:30:00-05:00,Philly Fed Business ConditionsFEB,,,,3.0
2025-02-20 08:30:00-05:00,Philly Fed CAPEX IndexFEB,,,,3.0
2025-02-20 08:30:00-05:00,Philly Fed EmploymentFEB,,,,3.0
2025-02-20 08:30:00-05:00,Philly Fed New OrdersFEB,,,,3.0
2025-02-20 08:30:00-05:00,Philly Fed Prices PaidFEB,,,,3.0
2025-02-20 08:30:00-05:00,Philly Fed New OrdersFEB,,,,3.0
2025-02-20 08:30:00-05:00,Philly Fed EmploymentFEB,,,,3.0
2025-02-20 08:30:00-05:00,Philly Fed CAPEX IndexFEB,,,,3.0
2025-02-20 08:30:00-05:00,Initial Jobless ClaimsFEB/15,,215K,220.0K,2.0
2025-02-20 08:30:00-05:00,Philly Fed Prices PaidFEB,,,,3.0
2025-02-20 08:30:00-05:00,Philly Fed Business ConditionsFEB,,,,3.0
2025-02-20 08:30:00-05:00,Continuing Jobless ClaimsFEB/08,,1860K,1879.0K,3.0
2025-02-20 08:30:00-05:00,Philadelphia Fed Manufacturing IndexFEB,,16.3,18,2.0
2025-02-20 08:30:00-05:00,Jobless Claims 4-week AverageFEB/15,,,219.0K,3.0
2025-02-20 09:35:00-05:00,Fed Golsbee Speech,,,,2.0
2025-02-20 09:35:00-05:00,Fed Golsbee Speech,,,,2.0
2025-02-20 10:00:00-05:00,CB Leading Index MoMJAN,,-0.1%,0%,3.0
2025-02-20 10:00:00-05:00,CB Leading Index MoMJAN,,-0.1%,0%,3.0
2025-02-20 10:30:00-05:00,EIA Natural Gas Stocks ChangeFEB/14,,,,3.0
2025-02-20 10:30:00-05:00,EIA Natural Gas Stocks ChangeFEB/14,,,,3.0
2025-02-20 11:30:00-05:00,4-Week Bill Auction,,,,3.0
2025-02-20 11:30:00-05:00,4-Week Bill Auction,,,,3.0
2025-02-20 11:30:00-05:00,8-Week Bill Auction,,,,3.0
2025-02-20 11:30:00-05:00,8-Week Bill Auction,,,,3.0
2025-02-20 12:00:00-05:00,EIA Cushing Crude Oil Stocks ChangeFEB/14,,,,3.0
2025-02-20 12:00:00-05:00,EIA Distillate Fuel Production ChangeFEB/14,,,,3.0
2025-02-20 12:00:00-05:00,EIA Crude Oil Stocks ChangeFEB/14,,,,2.0
2025-02-20 12:00:00-05:00,Fed Musalem Speech,,,,2.0
2025-02-20 12:00:00-05:00,15-Year Mortgage RateFEB/20,,,,3.0
2025-02-20 12:00:00-05:00,EIA Gasoline Production ChangeFEB/14,,,,3.0
2025-02-20 12:00:00-05:00,EIA Heating Oil Stocks ChangeFEB/14,,,,3.0
2025-02-20 12:00:00-05:00,EIA Distillate Stocks ChangeFEB/14,,,,3.0
2025-02-20 12:00:00-05:00,EIA Crude Oil Imports ChangeFEB/14,,,,3.0
2025-02-20 12:00:00-05:00,EIA Crude Oil Imports ChangeFEB/14,,,,3.0
2025-02-20 12:00:00-05:00,EIA Gasoline Stocks ChangeFEB/14,,,,2.0
2025-02-20 12:00:00-05:00,30-Year Mortgage RateFEB/20,,,,3.0
2025-02-20 12:00:00-05:00,EIA Refinery Crude Runs ChangeFEB/14,,,,3.0
2025-02-20 12:00:00-05:00,EIA Heating Oil Stocks ChangeFEB/14,,,,3.0
2025-02-20 12:00:00-05:00,EIA Gasoline Production ChangeFEB/14,,,,3.0
2025-02-20 12:00:00-05:00,EIA Distillate Stocks ChangeFEB/14,,,,3.0
2025-02-20 12:00:00-05:00,EIA Distillate Fuel Production ChangeFEB/14,,,,3.0
2025-02-20 12:00:00-05:00,EIA Cushing Crude Oil Stocks ChangeFEB/14,,,,3.0
2025-02-20 12:00:00-05:00,EIA Crude Oil Stocks ChangeFEB/14,,,,2.0
2025-02-20 12:00:00-05:00,EIA Gasoline Stocks ChangeFEB/14,,,,2.0
2025-02-20 12:00:00-05:00,15-Year Mortgage RateFEB/20,,,,3.0
2025-02-20 12:00:00-05:00,EIA Refinery Crude Runs ChangeFEB/14,,,,3.0
2025-02-20 12:00:00-05:00,30-Year Mortgage RateFEB/20,,,,3.0
2025-02-20 12:05:00-05:00,Fed Musalem Speech,,,,2.0
2025-02-20 12:05:00-05:00,Fed Musalem Speech,,,,2.0
2025-02-20 13:00:00-05:00,30-Year TIPS Auction,,,,3.0
2025-02-20 13:00:00-05:00,30-Year TIPS Auction,,,,3.0
2025-02-20 14:30:00-05:00,Fed Barr Speech,,,,2.0
2025-02-20 14:30:00-05:00,Fed Barr Speech,,,,2.0
2025-02-20 16:30:00-05:00,Fed Balance SheetFEB/19,,,,3.0
2025-02-20 16:30:00-05:00,Fed Balance SheetFEB/19,,,,3.0
2025-02-20 17:00:00-05:00,Fed Kugler Speech,,,,2.0
2025-02-20 17:00:00-05:00,Fed Kugler Speech,,,,2.0
2025-02-21 09:45:00-05:00,S&P Global Services PMI FlashFEB,,53,52.7,2.0
2025-02-21 09:45:00-05:00,S&P Global Manufacturing PMI FlashFEB,,51.3,51.3,2.0
2025-02-21 09:45:00-05:00,S&P Global Composite PMI FlashFEB,,,52.7,2.0
2025-02-21 09:45:00-05:00,S&P Global Services PMI FlashFEB,,53,52.7,2.0
2025-02-21 09:45:00-05:00,S&P Global Manufacturing PMI FlashFEB,,51.3,51.3,2.0
2025-02-21 09:45:00-05:00,S&P Global Composite PMI FlashFEB,,,52.7,2.0
2025-02-21 10:00:00-05:00,Existing Home SalesJAN,,4.13M,4.16M,1.0
2025-02-21 10:00:00-05:00,Michigan Current Conditions FinalFEB,,68.7,68.7,3.0
2025-02-21 10:00:00-05:00,Michigan 5 Year Inflation Expectations FinalFEB,,3.3%,3.3%,3.0
2025-02-21 10:00:00-05:00,Michigan Consumer Expectations FinalFEB,,67.3,67.3,3.0
2025-02-21 10:00:00-05:00,Michigan Inflation Expectations FinalFEB,,4.3%,4.3%,3.0
2025-02-21 10:00:00-05:00,Michigan Consumer Sentiment FinalFEB,,67.8,67.8,2.0
2025-02-21 10:00:00-05:00,Existing Home Sales MoMJAN,,,-1.7%,2.0
2025-02-21 10:00:00-05:00,Michigan Current Conditions FinalFEB,,68.7,68.7,3.0
2025-02-21 10:00:00-05:00,Michigan Inflation Expectations FinalFEB,,4.3%,4.3%,3.0
2025-02-21 10:00:00-05:00,Michigan Consumer Sentiment FinalFEB,,67.8,67.8,2.0
2025-02-21 10:00:00-05:00,Existing Home SalesJAN,,4.13M,4.16M,1.0
2025-02-21 10:00:00-05:00,Existing Home Sales MoMJAN,,,-1.7%,2.0
2025-02-21 10:00:00-05:00,Michigan 5 Year Inflation Expectations FinalFEB,,3.3%,3.3%,3.0
2025-02-21 10:00:00-05:00,Michigan Consumer Expectations FinalFEB,,67.3,67.3,3.0
2025-02-21 11:30:00-05:00,Fed Jefferson Speech,,,,2.0
2025-02-21 11:30:00-05:00,Fed Jefferson Speech,,,,2.0
2025-02-21 13:00:00-05:00,Baker Hughes Total Rigs CountFEB/21,,,,3.0
2025-02-21 13:00:00-05:00,Baker Hughes Oil Rig CountFEB/21,,,,3.0
2025-02-21 13:00:00-05:00,Baker Hughes Total Rigs CountFEB/21,,,,3.0
2025-02-21 13:00:00-05:00,Baker Hughes Oil Rig CountFEB/21,,,,3.0
2025-02-24 08:30:00-05:00,Chicago Fed National Activity IndexJAN,,,,2.0
2025-02-24 08:30:00-05:00,Chicago Fed National Activity IndexJAN,,,,2.0
2025-02-24 10:30:00-05:00,Dallas Fed Manufacturing IndexFEB,,,,2.0
2025-02-24 10:30:00-05:00,Dallas Fed Manufacturing IndexFEB,,,,2.0
2025-02-24 11:30:00-05:00,3-Month Bill Auction,,,,3.0
2025-02-24 11:30:00-05:00,6-Month Bill Auction,,,,3.0
2025-02-24 11:30:00-05:00,3-Month Bill Auction,,,,3.0
2025-02-24 11:30:00-05:00,6-Month Bill Auction,,,,3.0
2025-02-24 13:00:00-05:00,2-Year Note Auction,,,,3.0
2025-02-24 13:00:00-05:00,2-Year Note Auction,,,,3.0
2025-02-25 08:55:00-05:00,Redbook YoYFEB/22,,,,3.0
2025-02-25 08:55:00-05:00,Redbook YoYFEB/22,,,,3.0
2025-02-25 09:00:00-05:00,House Price Index MoMDEC,,,,3.0
2025-02-25 09:00:00-05:00,S&P/Case-Shiller Home Price MoMDEC,,,,3.0
2025-02-25 09:00:00-05:00,House Price Index YoYDEC,,,,3.0
2025-02-25 09:00:00-05:00,S&P/Case-Shiller Home Price MoMDEC,,,,3.0
2025-02-25 09:00:00-05:00,House Price IndexDEC,,,,3.0
2025-02-25 09:00:00-05:00,House Price Index MoMDEC,,,,3.0
2025-02-25 09:00:00-05:00,S&P/Case-Shiller Home Price YoYDEC,,,4.2%,2.0
2025-02-25 09:00:00-05:00,S&P/Case-Shiller Home Price YoYDEC,,,4.2%,2.0
2025-02-25 09:00:00-05:00,House Price Index YoYDEC,,,,3.0
2025-02-25 09:00:00-05:00,House Price IndexDEC,,,,3.0
2025-02-25 10:00:00-05:00,Richmond Fed Manufacturing IndexFEB,,,,3.0
2025-02-25 10:00:00-05:00,Richmond Fed Services Revenues IndexFEB,,,,3.0
2025-02-25 10:00:00-05:00,CB Consumer ConfidenceFEB,,,,2.0
2025-02-25 10:00:00-05:00,Richmond Fed Manufacturing IndexFEB,,,,3.0
2025-02-25 10:00:00-05:00,Richmond Fed Manufacturing Shipments IndexFEB,,,,3.0
2025-02-25 10:00:00-05:00,Richmond Fed Manufacturing Shipments IndexFEB,,,,3.0
2025-02-25 10:00:00-05:00,Richmond Fed Services Revenues IndexFEB,,,,3.0
2025-02-25 10:00:00-05:00,CB Consumer ConfidenceFEB,,,,2.0
2025-02-25 10:30:00-05:00,Dallas Fed Services IndexFEB,,,,3.0
2025-02-25 10:30:00-05:00,Dallas Fed Services Revenues IndexFEB,,,,3.0
2025-02-25 10:30:00-05:00,Dallas Fed Services Revenues IndexFEB,,,,3.0
2025-02-25 10:30:00-05:00,Dallas Fed Services IndexFEB,,,,3.0
2025-02-25 13:00:00-05:00,5-Year Note Auction,,,,3.0
2025-02-25 13:00:00-05:00,Money SupplyJAN,,,,3.0
2025-02-25 13:00:00-05:00,5-Year Note Auction,,,,3.0
2025-02-25 13:00:00-05:00,Money SupplyJAN,,,,3.0
2025-02-25 16:30:00-05:00,API Crude Oil Stock ChangeFEB/21,,,,2.0
2025-02-25 16:30:00-05:00,API Crude Oil Stock ChangeFEB/21,,,,2.0
2025-02-26 07:00:00-05:00,MBA Purchase IndexFEB/21,,,,3.0
2025-02-26 07:00:00-05:00,MBA 30-Year Mortgage RateFEB/21,,,,2.0
2025-02-26 07:00:00-05:00,MBA Mortgage ApplicationsFEB/21,,,,3.0
2025-02-26 07:00:00-05:00,Building Permits FinalJAN,,,,3.0
2025-02-26 07:00:00-05:00,Building Permits MoM FinalJAN,,,,3.0
2025-02-26 07:00:00-05:00,MBA Mortgage Refinance IndexFEB/21,,,,3.0
2025-02-26 07:00:00-05:00,MBA Mortgage Market IndexFEB/21,,,,3.0
2025-02-26 07:00:00-05:00,MBA Mortgage ApplicationsFEB/21,,,,3.0
2025-02-26 07:00:00-05:00,MBA Mortgage Market IndexFEB/21,,,,3.0
2025-02-26 07:00:00-05:00,MBA Mortgage Refinance IndexFEB/21,,,,3.0
2025-02-26 07:00:00-05:00,MBA Purchase IndexFEB/21,,,,3.0
2025-02-26 07:00:00-05:00,MBA 30-Year Mortgage RateFEB/21,,,,2.0
2025-02-26 10:00:00-05:00,New Home SalesJAN,,,,2.0
2025-02-26 10:00:00-05:00,Building Permits FinalJAN,,,,2.0
2025-02-26 10:00:00-05:00,Building Permits MoM FinalJAN,,,,2.0
2025-02-26 10:00:00-05:00,New Home SalesJAN,,,,2.0
2025-02-26 10:00:00-05:00,New Home Sales MoMJAN,,,,2.0
2025-02-26 10:00:00-05:00,New Home Sales MoMJAN,,,,2.0
2025-02-26 10:30:00-05:00,EIA Refinery Crude Runs ChangeFEB/21,,,,3.0
2025-02-26 10:30:00-05:00,EIA Crude Oil Stocks ChangeFEB/21,,,,2.0
2025-02-26 10:30:00-05:00,EIA Gasoline Stocks ChangeFEB/21,,,,2.0
2025-02-26 10:30:00-05:00,EIA Crude Oil Imports ChangeFEB/21,,,,3.0
2025-02-26 10:30:00-05:00,EIA Cushing Crude Oil Stocks ChangeFEB/21,,,,3.0
2025-02-26 10:30:00-05:00,EIA Distillate Fuel Production ChangeFEB/21,,,,3.0
2025-02-26 10:30:00-05:00,EIA Distillate Stocks ChangeFEB/21,,,,3.0
2025-02-26 10:30:00-05:00,EIA Gasoline Production ChangeFEB/21,,,,3.0
2025-02-26 10:30:00-05:00,EIA Heating Oil Stocks ChangeFEB/21,,,,3.0
2025-02-26 10:30:00-05:00,EIA Gasoline Production ChangeFEB/21,,,,3.0
2025-02-26 10:30:00-05:00,EIA Crude Oil Stocks ChangeFEB/21,,,,2.0
2025-02-26 10:30:00-05:00,EIA Gasoline Stocks ChangeFEB/21,,,,2.0
2025-02-26 10:30:00-05:00,EIA Crude Oil Imports ChangeFEB/21,,,,3.0
2025-02-26 10:30:00-05:00,EIA Cushing Crude Oil Stocks ChangeFEB/21,,,,3.0
2025-02-26 10:30:00-05:00,EIA Distillate Fuel Production ChangeFEB/21,,,,3.0
2025-02-26 10:30:00-05:00,EIA Heating Oil Stocks ChangeFEB/21,,,,3.0
2025-02-26 10:30:00-05:00,EIA Refinery Crude Runs ChangeFEB/21,,,,3.0
2025-02-26 10:30:00-05:00,EIA Distillate Stocks ChangeFEB/21,,,,3.0
2025-02-26 11:30:00-05:00,Building Permits MoM FinalJAN,,,,3.0
2025-02-26 11:30:00-05:00,Building Permits FinalJAN,,,,3.0
2025-02-26 11:30:00-05:00,17-Week Bill Auction,,,,3.0
2025-02-26 11:30:00-05:00,17-Week Bill Auction,,,,3.0
2025-02-26 12:00:00-05:00,Building Permits MoM FinalJAN,,,,2.0
2025-02-26 12:00:00-05:00,Fed Bostic Speech,,,,2.0
2025-02-26 12:00:00-05:00,Building Permits FinalJAN,,,,2.0
2025-02-26 12:00:00-05:00,Fed Bostic Speech,,,,2.0
2025-02-26 13:00:00-05:00,Building Permits MoM FinalJAN,,,,3.0
2025-02-26 13:00:00-05:00,Building Permits FinalJAN,,,,3.0
2025-02-26 13:00:00-05:00,2-Year FRN Auction,,,,3.0
2025-02-26 13:00:00-05:00,7-Year Note Auction,,,,3.0
2025-02-26 13:00:00-05:00,Building Permits FinalJAN,,,,3.0
2025-02-26 13:00:00-05:00,Building Permits MoM FinalJAN,,,,3.0
2025-02-26 13:00:00-05:00,7-Year Note Auction,,,,3.0
2025-02-26 13:00:00-05:00,2-Year FRN Auction,,,,3.0
2025-02-27 08:30:00-05:00,Non Defense Goods Orders Ex AirJAN,,,,3.0
2025-02-27 08:30:00-05:00,PCE Prices QoQ 2nd EstQ4,,2.3%,2.3%,3.0
2025-02-27 08:30:00-05:00,Real Consumer Spending QoQ 2nd EstQ4,,,4.2%,3.0
2025-02-27 08:30:00-05:00,Durable Goods Orders Ex Transp MoMJAN,,,,2.0
2025-02-27 08:30:00-05:00,Jobless Claims 4-week AverageFEB/22,,,,3.0
2025-02-27 08:30:00-05:00,Durable Goods Orders MoMJAN,,,,1.0
2025-02-27 08:30:00-05:00,Core PCE Prices QoQ 2nd EstQ4,,2.5%,2.5%,3.0
2025-02-27 08:30:00-05:00,Jobless Claims 4-week AverageFEB/22,,,,3.0
2025-02-27 08:30:00-05:00,GDP Sales QoQ 2nd EstQ4,,,3.2%,3.0
2025-02-27 08:30:00-05:00,Durable Goods Orders ex Defense MoMJAN,,,,3.0
2025-02-27 08:30:00-05:00,Core PCE Prices QoQ 2nd EstQ4,,2.5%,2.5%,3.0
2025-02-27 08:30:00-05:00,Continuing Jobless ClaimsFEB/15,,,,3.0
2025-02-27 08:30:00-05:00,GDP Price Index QoQ 2nd EstQ4,,2.2%,2.2%,2.0
2025-02-27 08:30:00-05:00,GDP Price Index QoQ 2nd EstQ4,,2.2%,2.2%,2.0
2025-02-27 08:30:00-05:00,Initial Jobless ClaimsFEB/22,,,,2.0
2025-02-27 08:30:00-05:00,Real Consumer Spending QoQ 2nd EstQ4,,,4.2%,3.0
2025-02-27 08:30:00-05:00,Continuing Jobless ClaimsFEB/15,,,,3.0
2025-02-27 08:30:00-05:00,GDP Sales QoQ 2nd EstQ4,,,3.2%,3.0
2025-02-27 08:30:00-05:00,Initial Jobless ClaimsFEB/22,,,,2.0
2025-02-27 08:30:00-05:00,PCE Prices QoQ 2nd EstQ4,,2.3%,2.3%,3.0
2025-02-27 08:30:00-05:00,GDP Growth Rate QoQ 2nd EstQ4,,2.3%,2.3%,1.0
2025-02-27 08:30:00-05:00,GDP Growth Rate QoQ 2nd EstQ4,,2.3%,2.3%,1.0
2025-02-27 08:30:00-05:00,Durable Goods Orders ex Defense MoMJAN,,,,3.0
2025-02-27 08:30:00-05:00,Durable Goods Orders MoMJAN,,,,1.0
2025-02-27 08:30:00-05:00,Non Defense Goods Orders Ex AirJAN,,,,3.0
2025-02-27 08:30:00-05:00,Durable Goods Orders Ex Transp MoMJAN,,,,2.0
2025-02-27 10:00:00-05:00,Pending Home Sales MoMJAN,,,,2.0
2025-02-27 10:00:00-05:00,Pending Home Sales MoMJAN,,,,2.0
2025-02-27 10:00:00-05:00,Pending Home Sales YoYJAN,,,,2.0
2025-02-27 10:00:00-05:00,Pending Home Sales YoYJAN,,,,2.0
2025-02-27 10:30:00-05:00,NY Fed Treasury Purchases 4 to 6 yrs,,$50 million,,3.0
2025-02-27 10:30:00-05:00,NY Fed Treasury Purchases 4 to 6 yrs,,$50 million,,3.0
2025-02-27 10:30:00-05:00,EIA Natural Gas Stocks ChangeFEB/21,,,,3.0
2025-02-27 10:30:00-05:00,EIA Natural Gas Stocks ChangeFEB/21,,,,3.0
2025-02-27 11:00:00-05:00,Kansas Fed Manufacturing IndexFEB,,,,3.0
2025-02-27 11:00:00-05:00,Kansas Fed Composite IndexFEB,,,,3.0
2025-02-27 11:00:00-05:00,Kansas Fed Manufacturing IndexFEB,,,,3.0
2025-02-27 11:00:00-05:00,Kansas Fed Composite IndexFEB,,,,3.0
2025-02-27 11:30:00-05:00,8-Week Bill Auction,,,,3.0
2025-02-27 11:30:00-05:00,4-Week Bill Auction,,,,3.0
2025-02-27 11:30:00-05:00,8-Week Bill Auction,,,,3.0
2025-02-27 11:30:00-05:00,4-Week Bill Auction,,,,3.0
2025-02-27 12:00:00-05:00,30-Year Mortgage RateFEB/27,,,,3.0
2025-02-27 12:00:00-05:00,30-Year Mortgage RateFEB/27,,,,3.0
2025-02-27 12:00:00-05:00,15-Year Mortgage RateFEB/27,,,,3.0
2025-02-27 12:00:00-05:00,15-Year Mortgage RateFEB/27,,,,3.0
2025-02-27 16:30:00-05:00,Fed Balance SheetFEB/26,,,,3.0
2025-02-27 16:30:00-05:00,Fed Balance SheetFEB/26,,,,3.0
2025-02-28 08:30:00-05:00,Wholesale Inventories MoM AdvJAN,,,,2.0
2025-02-28 08:30:00-05:00,PCE Price Index YoYJAN,,,,2.0
2025-02-28 08:30:00-05:00,Core PCE Price Index YoYJAN,,,,3.0
2025-02-28 08:30:00-05:00,Retail Inventories Ex Autos MoM AdvJAN,,,,2.0
2025-02-28 08:30:00-05:00,Personal Income MoMJAN,,,0.3%,1.0
2025-02-28 08:30:00-05:00,Goods Trade Balance AdvJAN,,,,2.0
2025-02-28 08:30:00-05:00,Core PCE Price Index MoMJAN,,,,1.0
2025-02-28 08:30:00-05:00,Personal Spending MoMJAN,,,,1.0
2025-02-28 08:30:00-05:00,PCE Price Index MoMJAN,,,,2.0
2025-02-28 09:45:00-05:00,Chicago PMIFEB,,,,2.0
2025-02-28 13:00:00-05:00,Baker Hughes Oil Rig CountFEB/28,,,,3.0
2025-02-28 13:00:00-05:00,Baker Hughes Total Rigs CountFEB/28,,,,3.0
2025-03-03 09:45:00-05:00,S&P Global Manufacturing PMI FinalFEB,,,,2.0
2025-03-03 10:00:00-05:00,ISM Manufacturing PricesFEB,,,,3.0
2025-03-03 10:00:00-05:00,Construction Spending MoMJAN,,,,3.0
2025-03-03 10:00:00-05:00,ISM Manufacturing New OrdersFEB,,,,3.0
2025-03-03 10:00:00-05:00,ISM Manufacturing PMIFEB,,,51,1.0
2025-03-03 10:00:00-05:00,ISM Manufacturing EmploymentFEB,,,,2.0
2025-03-04 08:55:00-05:00,Redbook YoYMAR/01,,,,3.0
2025-03-04 10:00:00-05:00,RCM/TIPP Economic Optimism IndexMAR,,,46,3.0
2025-03-04 10:30:00-05:00,NY Fed Treasury Purchases 6 to 10 yrs,,$50 million,,3.0
2025-03-04 16:30:00-05:00,LMI Logistics Managers IndexFEB,,,,2.0
2025-03-04 16:30:00-05:00,API Crude Oil Stock ChangeFEB/28,,,,2.0
2025-03-05 07:00:00-05:00,MBA 30-Year Mortgage RateFEB/28,,,,2.0
2025-03-05 07:00:00-05:00,MBA Mortgage ApplicationsFEB/28,,,,3.0
2025-03-05 07:00:00-05:00,MBA Mortgage Market IndexFEB/28,,,,3.0
2025-03-05 07:00:00-05:00,MBA Mortgage Refinance IndexFEB/28,,,,3.0
2025-03-05 07:00:00-05:00,MBA Purchase IndexFEB/28,,,,3.0
2025-03-05 08:15:00-05:00,ADP Employment ChangeFEB,,,,2.0
2025-03-05 09:45:00-05:00,S&P Global Services PMI FinalFEB,,,,2.0
2025-03-05 09:45:00-05:00,S&P Global Composite PMI FinalFEB,,,,2.0
2025-03-05 10:00:00-05:00,ISM Services New OrdersFEB,,,,3.0
2025-03-05 10:00:00-05:00,ISM Services EmploymentFEB,,,,3.0
2025-03-05 10:00:00-05:00,ISM Services Business ActivityFEB,,,,3.0
2025-03-05 10:00:00-05:00,ISM Services PricesFEB,,,,3.0
2025-03-05 10:00:00-05:00,Factory Orders MoMJAN,,,,2.0
2025-03-05 10:00:00-05:00,ISM Services PMIFEB,,,,1.0
2025-03-05 10:00:00-05:00,Factory Orders ex TransportationJAN,,,,3.0
2025-03-05 10:30:00-05:00,EIA Refinery Crude Runs ChangeFEB/28,,,,3.0
2025-03-05 10:30:00-05:00,EIA Heating Oil Stocks ChangeFEB/28,,,,3.0
2025-03-05 10:30:00-05:00,EIA Gasoline Production ChangeFEB/28,,,,3.0
2025-03-05 10:30:00-05:00,EIA Distillate Fuel Production ChangeFEB/28,,,,3.0
2025-03-05 10:30:00-05:00,EIA Distillate Stocks ChangeFEB/28,,,,3.0
2025-03-05 10:30:00-05:00,EIA Crude Oil Imports ChangeFEB/28,,,,3.0
2025-03-05 10:30:00-05:00,EIA Gasoline Stocks ChangeFEB/28,,,,2.0
2025-03-05 10:30:00-05:00,EIA Crude Oil Stocks ChangeFEB/28,,,,2.0
2025-03-05 10:30:00-05:00,EIA Cushing Crude Oil Stocks ChangeFEB/28,,,,3.0
2025-03-05 14:00:00-05:00,Fed Beige Book,,,,3.0
2025-03-05 14:00:00-05:00,Total Vehicle SalesFEB,,,,3.0
2025-03-06 07:30:00-05:00,Challenger Job CutsFEB,,,,3.0
2025-03-06 08:30:00-05:00,Initial Jobless ClaimsMAR/01,,,,2.0
2025-03-06 08:30:00-05:00,Jobless Claims 4-week AverageMAR/01,,,,3.0
2025-03-06 08:30:00-05:00,ExportsJAN,,,,2.0
2025-03-06 08:30:00-05:00,Balance of TradeJAN,,,,2.0
2025-03-06 08:30:00-05:00,Continuing Jobless ClaimsFEB/22,,,,3.0
2025-03-06 08:30:00-05:00,Unit Labour Costs QoQ FinalQ4,,,3.0%,3.0
2025-03-06 08:30:00-05:00,Nonfarm Productivity QoQ FinalQ4,,1.2%,1.2%,3.0
2025-03-06 08:30:00-05:00,ImportsJAN,,,,2.0
2025-03-06 10:00:00-05:00,Wholesale Inventories MoMJAN,,,,3.0
2025-03-06 10:30:00-05:00,EIA Natural Gas Stocks ChangeFEB/28,,,,3.0
2025-03-06 12:00:00-05:00,15-Year Mortgage RateMAR/06,,,,3.0
2025-03-06 12:00:00-05:00,30-Year Mortgage RateMAR/06,,,,3.0
2025-03-06 16:30:00-05:00,Fed Balance SheetMAR/05,,,,3.0
2025-03-07 08:30:00-05:00,Government PayrollsFEB,,,,3.0
2025-03-07 08:30:00-05:00,Average Weekly HoursFEB,,,34.1,3.0
2025-03-07 08:30:00-05:00,U-6 Unemployment RateFEB,,,7.6%,3.0
2025-03-07 08:30:00-05:00,Nonfarm Payrolls PrivateFEB,,,,3.0
2025-03-07 08:30:00-05:00,Manufacturing PayrollsFEB,,,,3.0
2025-03-07 08:30:00-05:00,Unemployment RateFEB,,,,1.0
2025-03-07 08:30:00-05:00,Non Farm PayrollsFEB,,,,1.0
2025-03-07 08:30:00-05:00,Participation RateFEB,,,62.6%,2.0
2025-03-07 08:30:00-05:00,Average Hourly Earnings MoMFEB,,,,2.0
2025-03-07 08:30:00-05:00,Average Hourly Earnings YoYFEB,,,,2.0
2025-03-07 13:00:00-05:00,Baker Hughes Oil Rig CountMAR/07,,,,3.0
2025-03-07 13:00:00-05:00,Baker Hughes Total Rigs CountMAR/07,,,,3.0
2025-03-07 15:00:00-05:00,Used Car Prices YoYFEB,,,,3.0
2025-03-07 15:00:00-05:00,Used Car Prices MoMFEB,,,,3.0
2025-03-07 15:00:00-05:00,Consumer Credit ChangeJAN,,,,3.0
